Num,date,title,author,upvotes,downvote,karma
0,2/23/2024,First time options player ,statusblue,3,1,2311
1,2/23/2024,The weekend Nvidia play,Maleficent-Oil-2848,10,3,827
2,2/23/2024,NASDAQ: ALVO - FDA Approved  SIMLANDI drug ,1904___,3,2,112
3,2/23/2024,I thought this kind of gains only happened to other people ($PANW),psiphonblog,21,4,94
4,2/23/2024,I burnt my tendies,Fullspinalpackage,44,5,61
5,2/23/2024,MARA earnings,N_FLATION,14,3,382
6,2/23/2024,A lone developer just open sourced a tool that could bring an end to Nvidia's AI hegemony â€” AMD financed it for months but ended support.,Iky_Greenz,123,17,6346
7,2/23/2024,My All Time Robinhood Chart is a Masterpiece,Savings_Lake8255,588,31,271
8,2/23/2024,Unsatisfied (221%),schbloimps,37,12,1829
9,2/23/2024,Unfortunately I canâ€™t purchase AH. If they have 2 more launches I have 2 more reloads LUNR,chewbaccashotlast,48,15,28355
10,2/23/2024,$RIVN Putsâ€¦,Broken_Wedge,6,4,16
11,2/23/2024,I like this stock $NVDA,Worried_Creme8917,30,7,3478
12,2/23/2024,Am I cooked?,harrybuice,14,5,
13,2/23/2024,"$125 --> $20k YTD | +16,000%",M_from_Vegas,106,13,86
14,,Didnâ€™t pull out $SMCI in time,Nuck_7,0,0,11527
15,2/23/2024,The duality of WSB,WhoEvenSaid,87,6,82
16,2/23/2024,Distressed REIT #2 $TNT-UN (Government/Insurance Office REIT),Dampish10,0,0,3234
17,2/23/2024,guh SMCI,Justtakemymoney69,39,3,706
18,2/23/2024,Negative Nvidia Bears here are trying to exit their 3B loss in shorts,MineETH,60,7,4367
19,2/23/2024,Wish me luck,,6,3,7901
20,2/23/2024,Elon Musk says Rivian needs to â€˜cut costs massivelyâ€™ and its execs should â€˜live in the factoryâ€™ for the struggling Tesla rival to survive,_BreakingGood_,283,58,49980
21,2/23/2024,Guys how do i make it stop? I sold all my calls and shares for LUNR but iâ€™ll still losing money??? All I have is NVIDA ,channndro,323,76,
22,2/23/2024,,Nuts4Puts,49,11,2970
23,2/23/2024,Is CVNA cooking books?,Illustrious_Two826,30,7,39
24,2/23/2024,Up 13K this past monthğŸ™ğŸ¾,Wuzgoodbruv,46,6,1047
25,2/23/2024,Pre-Summer Hype Part 2 â€” up next IMAX.,Mobay_Luv,0,0,1087
26,2/23/2024,"Stressful Ass Month Swinging NVDA AND SMCI, along with my Emotions. ",Htwn85,29,,65
27,2/23/2024,YOLO bet on EPD,Mobile-Bison-4589,15,3,88
28,2/23/2024,WHY DID YOU HAVE TO GIVE US THIS VISUAL.,Almondjoy101,546,35,343
29,2/23/2024,RIP to anyone that bought calls. ,XEternal_DamnationX,1456,93,1233
30,2/23/2024,Riding the correction down ğŸ˜ hope you took profits regards ğŸŒˆğŸ»,fragsgetsfrags,96,18,1950
31,2/23/2024,$TPR is a breakout gainer heading straight up,RapidTrumpet,4,2,133
32,2/23/2024,"PANW - Profit: $294,000. Cost Basis: $5,900",throwawaymyalias,131,11,41434
33,2/23/2024,Nvda call,DepressedRaindrop,0,0,1416
34,2/23/2024,Amazon being listed on Dow Jones Industrial Monday,BagzWellz,14,2,25
35,2/23/2024,SMCI 2/23 $880 Put Update,Crftd,6,3,5276
36,2/23/2024,Nvidia rtard -> regard,No-Atmosphere9132,22,2,10
37,2/23/2024,I belong here,Usibor1500,3,2,1183
38,2/23/2024,Surely a weekend drill?,Trouser_Taco,0,0,21
39,2/23/2024,NVDA +$37k ğŸ˜,WhackIsBack,5,2,5353
40,2/23/2024,"Weekend Discussion Thread for the Weekend of February 24, 2024",OPINION_IS_UNPOPULAR,73,10,979312
41,2/23/2024,SMCI predictions for next week 02/26-3/01,thehandsoap,12,2,3823
42,2/23/2024,Bond Bear market - Who will lend US money?,watifurdadpulledout,2,1,1256
43,2/23/2024,First yolo,MinimalBasher,21,4,328
44,2/23/2024,"If you ever lose a coin flip, put in more money and bet on the other side ğŸ§ ",EmiliaClarkesBF,19,2,22233
45,2/23/2024,Tesla YOLO ,bringbacktruth,28,4,1462
46,2/23/2024,Election Year Stonk Trends,SoundInvestor,15,2,103
47,2/23/2024,FULLY LOADED: 30k $ Gains from NET>SHOP>COIN>SQ earnings . I YOLOED my Daughters inheritance into 4 earnings in a row.,sdd-wrangler5,14,3,2059
48,2/23/2024,ğŸš¨ ğŸ» Bear Alert: $AI C3.ai's hype cycle is getting stale! Earnings drop 2-27. Who's buying puts with me?,tke248,27,4,2738
49,2/23/2024,LUNR averaged at 10,rams-jan,117,12,120
50,2/23/2024,"$855 to $18,000",purrplenurple,288,18,1041
